gender,age,income,MobileModel
1,18,10000,Samsung
1,20,15000,Samsung
1,23,20000,Realme
1,25,51000,Apple
1,18,20000,Realme
1,20,25000,Realme
1,23,30000,Realme
1,25,60000,Apple
1,27,15000,Samsung
1,30,80000,Apple
1,33,70000,Apple
1,35,19000,Samsung
1,27,29000,Realme
1,30,25000,Realme
1,33,20000,Realme
1,35,60000,Apple
1,36,75000,Apple
1,38,15000,Samsung
1,40,10000,Samsung
1,44,80000,Apple
1,49,15000,Samsung
1,36,20000,Realme
1,38,25000,Realme
1,40,20000,Realme
1,44,28000,Realme
1,49,25000,Realme
1,50,15000,Samsung
1,53,20000,Realme
1,55,80000,Apple
1,58,18000,Samsung
1,60,16000,Samsung
1,50,25000,Realme
1,53,20000,Realme
1,55,25000,Realme
1,58,25000,Realme
1,60,20000,Realme
2,18,15000,Samsung
2,20,15000,Samsung
2,23,16000,Samsung
2,25,10000,Samsung
2,18,20000,Realme
2,20,80000,Apple
2,23,25000,Realme
2,25,25000,Realme
2,27,51000,Realme
2,30,71000,Apple
2,33,81000,Apple
2,35,15000,Samsung
2,27,20000,Realme
2,30,25000,Realme
2,33,30000,Realme
2,35,30000,Realme
2,36,15000,Samsung
2,38,40000,Realme
2,40,15000,Samsung
2,44,15000,Samsung
2,49,10000,Samsung
2,36,25000,Realme
2,38,40000,Realme
2,40,30000,Realme
2,44,25000,Realme
2,49,20000,Realme
2,50,15000,Samsung
2,53,15000,Samsung
2,55,15000,Samsung
2,58,41000,Realme
2,60,15000,Samsung
2,50,80000,Apple
2,53,30000,Realme
2,55,25000,Realme
2,58,25000,Realme
2,60,25000,Realme